Distance [m];volta 1 [km/h];volta2 [km/h];volta3 [km/h];volta4 [km/h];volta5 [km/h];volta6 [km/h];volta7 [km/h]
0.00;8.600;170.510;169.930;169.352;163.406;171.133;165.156
4.41;8.600;169.800;170.300;169.812;163.104;172.079;164.030
8.85;8.600;170.500;170.940;171.064;166.726;173.268;168.365
13.32;8.600;168.620;168.570;171.320;168.368;173.222;171.216
17.83;8.600;167.980;168.820;168.866;170.360;173.111;169.748
22.36;8.600;169.020;173.490;168.252;172.164;171.765;172.028
26.93;8.600;172.080;173.545;169.050;171.318;172.846;172.973
31.51;8.600;173.660;174.995;172.070;173.652;176.293;173.291
36.12;8.600;173.380;176.180;175.296;175.072;175.556;177.665
40.76;8.600;174.180;175.190;174.896;174.120;175.928;175.763
45.41;8.600;175.060;176.210;175.198;176.256;178.112;175.991
50.09;8.600;176.509;178.060;177.004;176.692;179.280;178.425
54.80;8.600;176.672;177.890;177.612;177.778;179.664;179.034
59.53;8.600;177.481;179.730;178.760;178.878;181.020;179.584
64.29;8.600;178.399;180.910;179.656;180.566;181.816;180.570
69.08;8.600;179.499;181.030;180.360;180.992;181.988;181.473
73.90;8.600;180.446;181.660;181.516;181.196;183.848;183.197
78.74;8.600;179.981;184.830;182.648;184.630;184.892;184.947
83.62;8.600;181.034;184.260;182.448;182.838;186.452;184.321
88.52;8.600;183.391;184.990;183.860;184.662;188.102;184.785
93.44;8.600;183.246;186.600;187.520;186.680;187.508;187.225
98.39;8.600;183.294;185.850;185.456;185.017;186.344;186.524
103.42;8.600;188.931;187.590;187.952;186.683;190.811;185.918
108.42;8.600;185.308;190.750;192.150;189.571;189.499;192.205
113.45;8.600;186.661;187.930;188.797;187.818;190.331;188.908
118.50;8.600;189.237;190.950;189.870;191.364;192.153;192.292
123.58;8.600;188.528;191.360;190.654;190.806;193.096;192.303
128.67;8.600;187.980;191.100;190.962;192.087;191.808;192.397
133.79;8.600;189.926;192.290;191.724;192.595;194.297;193.273
138.93;8.600;191.128;194.630;192.870;192.996;194.961;194.173
144.09;8.600;190.580;192.540;193.654;194.287;194.391;194.006
149.27;8.600;192.440;195.530;193.854;194.696;196.475;195.455
154.48;8.600;192.980;195.090;194.243;194.205;197.061;196.567
159.71;8.600;193.972;197.230;195.521;196.378;201.624;195.727
164.97;8.600;194.696;200.570;196.768;200.360;197.776;202.587
170.26;8.600;194.036;196.340;196.167;196.242;200.667;196.883
175.58;8.600;199.944;201.300;199.050;200.358;204.680;200.192
180.92;8.600;197.056;201.930;201.647;201.885;200.040;203.695
186.29;8.600;197.820;199.700;198.773;198.237;201.608;199.435
191.68;8.600;199.128;201.430;199.888;201.665;203.892;199.861
197.09;8.600;198.380;200.880;202.695;202.591;201.964;201.249
202.53;8.600;199.356;201.740;201.546;202.996;202.632;196.838
207.98;8.600;200.056;203.090;201.751;203.396;204.176;193.984
213.46;8.600;200.764;203.890;203.051;203.697;204.959;189.050
218.96;8.600;201.596;203.850;204.054;203.898;205.609;184.923
224.48;8.600;202.836;204.530;204.254;203.801;206.904;178.495
230.03;8.600;204.048;206.690;202.996;197.464;207.358;175.584
235.60;8.600;199.928;207.350;199.281;196.905;206.626;176.955
241.18;8.600;198.916;205.800;197.988;196.306;208.650;167.397
246.78;8.600;196.496;203.630;192.388;185.509;208.828;171.756
252.40;8.600;192.560;199.910;187.679;184.509;202.436;160.163
258.00;8.600;187.044;195.840;184.380;183.114;198.046;161.643
263.58;8.600;181.604;189.750;178.839;178.348;191.040;153.843
269.12;8.600;178.741;179.330;175.241;180.676;184.715;152.436
274.59;8.600;175.188;170.760;173.973;179.710;183.630;151.818
279.99;8.600;173.588;172.330;173.738;177.324;183.260;143.555
285.30;8.600;171.617;173.160;172.220;174.825;174.785;145.434
290.51;8.600;165.410;170.390;168.490;168.068;175.935;144.239
295.63;8.600;167.864;172.250;166.246;167.400;175.550;142.357
300.66;8.600;163.127;165.260;164.858;166.300;169.875;140.457
305.60;8.600;159.206;161.530;160.177;164.400;146.290;140.691
310.46;8.600;155.083;148.120;152.361;148.700;151.735;138.857
315.24;8.600;152.228;154.420;144.896;151.400;151.020;138.121
319.94;8.600;152.243;152.460;154.593;155.400;145.160;137.130
324.56;8.600;147.346;149.070;149.926;145.000;138.845;135.548
329.14;8.600;145.104;146.130;145.148;147.600;140.365;134.433
333.59;8.600;142.465;146.160;144.612;144.400;130.552;132.751
337.97;8.600;141.727;143.710;144.004;138.400;137.756;132.603
342.27;8.600;138.107;141.020;141.252;130.300;141.516;132.212
346.50;8.600;138.046;139.840;139.764;127.700;140.472;130.842
350.66;8.600;135.538;135.740;137.388;124.000;141.292;130.121
354.75;8.600;129.386;136.140;133.304;128.200;135.620;129.421
358.78;8.600;129.050;136.410;132.464;131.200;133.576;128.333
362.75;8.600;126.568;135.620;131.320;129.100;134.408;127.815
366.65;8.600;124.638;135.620;129.732;129.500;136.196;127.994
370.50;8.600;126.566;133.990;126.212;130.100;135.786;127.418
374.30;8.600;123.032;134.020;121.752;129.100;134.936;129.631
378.05;8.600;125.124;135.350;117.736;128.200;133.960;129.603
381.75;8.600;125.458;137.460;115.084;127.700;132.792;129.115
385.39;8.600;124.734;136.300;116.028;127.000;131.340;127.936
388.99;8.600;123.838;137.020;117.760;131.300;130.764;128.188
392.53;8.600;126.036;135.010;117.792;131.200;129.787;129.752
396.03;8.600;126.720;131.560;118.436;131.900;128.770;130.770
399.49;8.600;128.576;132.230;117.388;129.700;127.272;130.703
402.92;8.600;128.254;133.370;119.788;129.900;126.710;132.446
406.32;8.600;129.130;133.040;126.000;129.500;126.360;131.724
409.70;8.600;129.540;132.480;124.368;127.200;124.640;130.730
413.06;8.600;128.582;132.220;124.632;126.800;124.051;130.506
416.41;8.600;128.360;131.480;124.452;130.600;126.241;130.306
419.74;8.600;129.204;131.230;124.932;128.100;126.451;131.658
423.07;8.600;127.718;130.550;124.472;129.600;126.441;131.215
426.39;8.600;127.976;130.140;124.680;126.300;126.492;132.752
429.74;8.600;127.660;130.520;125.008;127.500;126.915;134.255
433.11;8.600;128.550;130.640;124.168;127.400;126.253;136.240
436.49;8.600;127.635;130.070;124.824;129.000;126.432;135.912
439.88;8.600;128.370;129.810;125.176;128.900;126.869;136.288
443.27;8.600;129.725;129.990;124.768;128.507;127.319;136.785
446.67;8.600;130.240;130.850;125.508;129.210;128.384;137.964
450.06;8.600;131.055;131.290;126.720;130.199;128.764;138.679
453.46;8.600;132.050;131.230;127.968;130.117;129.702;139.379
456.84;8.600;131.225;131.550;129.100;131.802;131.212;140.661
460.21;8.600;133.645;132.090;131.068;132.015;131.008;141.476
463.57;8.600;134.605;133.040;131.584;133.496;131.966;142.761
466.92;8.600;136.520;134.240;132.388;133.039;132.610;144.158
470.31;8.600;135.027;133.628;133.368;126.970;133.110;145.752
473.76;8.600;135.577;132.972;131.160;124.071;135.332;146.479
477.24;8.600;136.110;133.745;129.224;131.090;136.538;147.276
480.77;8.600;136.425;134.389;130.351;130.108;138.094;147.882
484.28;8.600;138.825;136.390;131.961;130.898;139.302;148.870
487.80;8.601;139.375;137.381;133.006;130.718;140.402;151.034
491.34;8.623;140.815;138.281;134.319;132.527;140.924;150.906
494.90;8.644;141.175;139.028;135.216;135.211;141.081;147.796
498.48;8.665;142.570;138.336;135.413;136.310;141.181;147.118
502.08;8.686;142.040;138.844;135.403;137.307;142.415;146.227
505.69;8.707;142.868;140.381;136.277;138.012;144.968;146.540
509.33;8.728;144.560;141.245;137.548;139.210;144.042;146.890
512.99;8.749;146.012;141.898;138.806;140.208;144.915;149.034
516.67;8.770;146.364;144.035;140.061;141.020;146.658;147.936
520.37;8.791;147.904;145.517;140.845;142.998;148.944;148.579
524.10;8.812;148.048;146.790;141.113;142.816;150.210;147.921
527.85;10.094;149.244;147.781;141.161;144.413;151.372;147.803
531.62;10.644;150.336;148.690;142.293;145.714;152.896;146.582
535.42;11.194;151.248;149.708;143.964;147.106;153.524;145.339
539.25;11.748;152.440;150.917;145.274;147.710;154.086;145.979
543.10;12.336;153.420;152.226;145.903;148.709;155.658;145.127
546.99;12.736;153.980;153.581;146.835;149.610;156.880;146.167
550.90;13.163;155.984;154.553;148.248;150.625;157.260;145.424
554.85;13.836;158.008;156.217;149.564;153.113;159.860;145.982
558.83;14.245;158.204;157.688;151.164;154.411;161.060;145.709
562.84;14.750;158.416;160.384;152.387;155.514;160.800;145.603
566.89;15.300;161.212;158.056;153.238;156.904;157.900;146.667
570.97;15.872;161.524;156.573;155.206;157.303;156.640;148.640
575.09;16.645;162.020;156.255;156.403;157.615;160.420;146.566
579.24;17.163;160.052;156.403;157.132;159.120;159.000;148.537
583.42;17.908;158.909;162.563;157.787;161.110;162.240;149.473
587.63;19.063;159.041;163.047;158.406;161.626;163.520;149.791
591.88;19.763;154.182;161.635;159.777;162.738;164.160;150.091
596.16;20.463;163.255;163.162;158.293;154.832;164.140;150.294
600.47;21.154;161.782;164.638;153.502;156.356;164.900;146.129
604.80;21.718;161.182;163.126;155.707;154.194;165.416;141.829
609.15;21.918;160.621;164.301;154.297;153.806;165.263;145.289
613.51;22.172;161.270;163.201;153.394;149.068;166.148;144.236
617.86;22.930;160.288;162.236;152.139;142.498;165.768;142.454
622.21;23.250;159.888;162.573;151.152;137.490;162.993;142.303
626.54;23.790;159.482;162.273;149.749;137.116;162.932;142.009
630.85;24.650;158.912;161.973;148.081;142.820;163.574;138.605
635.13;25.140;159.288;161.781;146.894;143.754;162.989;136.172
639.38;25.570;158.915;162.528;145.320;141.492;163.432;134.354
643.60;26.220;159.364;161.683;143.929;141.154;162.415;131.875
647.80;26.410;158.242;160.509;143.739;143.802;161.705;130.830
652.00;26.480;159.543;160.690;142.830;143.928;162.311;128.084
656.12;26.280;157.721;161.528;142.230;145.274;162.026;125.381
660.21;26.090;158.433;160.908;142.090;143.996;161.347;123.263
664.27;25.980;159.506;162.009;143.370;143.808;161.279;120.775
668.30;25.750;159.748;161.965;147.170;144.228;161.612;118.760
672.30;25.290;161.258;160.744;146.760;145.628;160.764;117.051
676.28;25.190;159.218;162.263;147.120;147.056;161.202;115.836
680.24;25.097;160.118;162.927;146.285;149.760;160.854;113.472
684.19;25.063;160.988;163.299;147.235;147.838;161.714;112.139
688.14;25.030;160.420;164.237;147.930;149.708;162.936;107.832
692.10;26.278;161.412;163.672;148.630;150.096;163.746;107.021
696.06;26.023;161.986;164.463;149.830;149.954;164.290;105.351
700.02;25.417;161.164;165.019;148.660;152.626;164.166;88.627
704.00;25.566;154.504;163.705;147.970;153.924;160.044;87.630
707.99;25.766;154.618;158.385;149.630;155.140;154.844;87.212
711.99;26.344;150.432;154.813;150.550;157.090;154.948;86.327
716.00;26.788;142.172;150.711;151.260;156.586;154.052;85.815
720.02;27.544;140.796;148.737;152.970;155.888;150.346;85.412
724.06;27.988;140.606;147.641;155.300;155.312;146.124;84.915
728.11;28.736;140.852;142.883;156.210;155.954;143.737;84.027
732.18;29.048;138.450;141.178;156.460;158.508;141.683;83.418
736.28;29.484;135.958;135.468;155.150;153.930;136.888;82.527
740.40;30.124;133.890;130.749;151.990;150.404;131.827;82.306
744.54;30.312;133.274;126.966;148.850;147.051;121.075;82.785
748.71;30.388;127.078;124.798;148.510;139.024;121.819;82.121
752.90;30.296;125.964;126.377;145.880;139.719;125.364;81.809
757.09;30.263;122.376;122.208;142.840;136.977;123.482;82.188
761.26;30.229;119.972;122.832;139.860;133.003;110.226;81.618
765.42;30.188;117.153;117.974;135.120;133.010;108.733;81.988
769.54;30.088;112.489;116.448;131.720;130.007;106.474;82.388
773.60;29.988;111.361;113.180;130.400;126.940;104.137;82.788
777.60;29.792;107.483;105.711;127.430;124.271;102.930;83.479
781.51;28.964;105.787;103.953;121.800;100.829;101.468;83.985
785.35;28.748;104.485;105.428;112.920;105.114;98.440;85.067
789.10;29.316;102.988;104.619;111.560;108.830;95.624;85.488
792.76;30.930;101.791;103.683;110.775;109.764;94.392;86.179
796.31;31.180;100.891;102.392;110.025;108.552;93.136;86.976
799.77;31.543;99.995;101.138;109.020;106.934;92.116;87.582
803.13;32.578;99.493;99.365;107.120;104.779;91.368;87.891
806.40;33.139;98.786;97.937;104.730;104.046;90.060;88.482
809.58;33.517;97.394;97.147;102.740;102.150;88.332;89.761
812.67;34.391;96.781;95.501;100.720;97.267;85.316;90.673
815.68;35.091;94.884;94.266;99.180;96.215;84.006;91.767
818.66;35.791;93.298;91.801;97.828;96.541;83.356;92.673
821.54;36.439;93.092;90.692;96.721;91.409;82.972;94.931
824.38;36.674;92.301;89.474;95.759;91.664;83.052;95.776
827.18;36.487;92.400;88.146;94.659;90.467;83.632;96.188
829.96;36.374;92.800;87.555;93.497;89.385;84.408;97.946
832.70;36.265;89.800;87.019;92.166;88.936;85.350;99.164
835.40;36.778;90.600;86.119;90.673;90.092;85.675;99.394
838.06;37.404;89.500;85.309;89.190;89.825;86.225;100.370
840.68;38.139;88.900;85.427;88.314;89.559;86.850;101.273
843.28;42.684;88.500;85.646;87.652;89.261;85.425;102.076
845.84;43.326;88.700;85.082;86.852;87.937;85.275;115.021
848.35;44.156;88.500;84.909;86.269;85.855;85.100;116.843
850.82;44.612;89.600;84.901;86.417;84.460;85.375;118.258
853.25;45.384;89.400;83.873;86.776;86.379;85.875;118.979
855.65;45.914;89.700;83.573;86.552;85.694;85.775;122.104
858.03;46.154;90.500;83.363;86.718;85.497;85.850;121.812
860.39;47.282;90.100;84.027;86.885;85.418;86.200;123.740
862.74;48.456;90.500;84.327;86.938;86.012;87.050;125.740
865.08;48.940;90.000;84.636;86.738;86.348;88.125;126.673
867.41;49.968;91.400;85.072;86.476;87.516;89.214;127.573
869.75;51.126;90.700;85.935;86.479;87.892;89.796;128.764
872.08;52.020;90.600;87.417;87.379;87.748;90.344;129.382
874.42;52.790;91.000;88.636;88.248;88.884;90.944;130.855
876.75;53.315;91.396;89.126;88.986;88.564;91.914;131.676
879.07;53.415;91.895;90.634;89.555;90.148;93.384;132.185
881.40;53.560;91.306;93.153;90.396;91.308;94.318;129.484
883.71;53.960;91.597;94.844;91.810;91.564;95.388;129.303
886.03;54.405;91.897;96.345;92.841;93.172;96.736;128.427
888.35;55.090;92.593;96.854;93.972;94.932;98.062;128.109
890.68;55.750;92.402;97.616;95.327;95.756;100.028;130.234
893.03;56.720;93.786;100.088;97.337;97.164;102.376;130.591
895.41;57.535;95.186;103.180;98.518;98.692;104.406;131.570
897.81;58.420;95.992;105.162;97.992;98.504;105.862;131.212
900.26;59.130;98.079;106.998;100.634;98.592;107.458;131.297
902.75;59.435;100.872;108.766;102.623;98.328;108.119;133.046
905.27;60.275;100.702;106.382;106.109;96.740;109.149;133.585
907.81;60.820;104.264;106.695;109.606;100.176;110.887;134.376
910.34;61.590;100.934;111.592;112.113;102.004;112.860;134.594
912.89;62.250;102.187;110.536;112.801;102.156;113.327;136.055
915.47;63.164;100.220;111.152;108.754;103.664;114.249;135.906
918.06;63.596;103.368;113.772;104.448;107.640;117.374;136.870
920.69;64.148;104.192;114.788;106.519;108.592;118.765;138.355
923.37;64.448;105.586;117.763;109.435;108.496;120.214;138.885
926.13;64.860;106.887;118.616;109.200;110.876;120.043;140.937
928.94;65.812;108.174;121.772;111.220;112.812;123.450;140.515
931.79;66.528;110.454;130.439;112.284;115.558;120.493;143.119
934.67;67.312;109.520;118.574;114.092;117.008;118.827;142.424
937.56;67.996;112.048;117.687;116.008;118.420;119.822;143.273
940.48;68.452;111.414;121.258;116.432;118.944;126.113;144.464
943.41;68.184;114.928;118.196;118.488;120.084;126.644;145.664
946.36;85.925;115.392;122.317;119.516;121.916;126.936;144.633
949.38;80.448;116.576;123.662;119.792;117.512;129.028;152.418
952.50;83.046;118.462;125.381;118.084;117.912;130.420;153.370
955.67;77.917;118.892;126.425;118.032;120.684;131.564;153.594
958.87;78.442;121.546;128.817;121.240;122.760;133.196;153.794
962.09;80.744;123.070;130.099;124.204;124.265;133.916;154.285
965.33;81.594;124.276;131.190;124.512;125.615;134.144;155.464
968.60;82.487;126.456;132.208;126.464;127.785;135.352;157.149
971.90;83.621;127.382;133.417;128.396;127.620;137.096;157.394
975.22;85.040;129.458;134.681;128.824;129.985;139.328;157.982
978.56;86.955;130.088;135.653;130.004;131.595;140.612;158.485
981.94;88.387;130.492;137.281;131.948;131.530;141.462;158.694
985.35;89.453;132.166;138.127;132.996;132.190;142.708;159.088
988.80;90.472;133.866;138.625;133.552;133.965;144.094;159.876
992.28;92.599;134.488;140.855;134.748;135.340;145.139;160.967
995.79;96.330;136.440;140.571;135.956;138.025;145.471;161.679
999.34;95.968;136.888;142.345;137.268;138.570;145.429;161.409
1002.92;98.514;137.773;142.962;138.996;139.905;145.826;162.176
1006.54;100.688;138.285;144.609;140.256;140.045;146.710;164.140
1010.18;102.198;139.561;144.844;142.468;140.975;148.136;164.297
1013.86;102.848;141.637;146.327;143.040;142.455;148.671;164.106
1017.56;101.664;142.379;146.708;144.304;143.520;151.469;164.294
1021.30;101.536;143.370;147.809;144.580;143.955;152.529;165.852
1025.07;101.610;144.370;148.125;145.408;145.030;153.068;167.355
1028.86;101.452;145.079;150.319;145.512;145.665;154.010;165.848
1032.68;102.690;146.070;149.671;146.792;146.930;154.655;166.867
1036.54;103.190;146.488;151.454;147.424;147.595;155.865;169.131
1040.42;103.762;148.343;152.153;148.380;149.410;157.507;167.939
1044.33;104.608;149.467;153.817;150.040;149.705;157.510;168.676
1048.27;105.226;149.694;155.279;151.240;151.740;158.210;170.252
1052.24;105.764;151.446;157.938;151.572;152.542;158.670;170.591
1056.24;105.798;151.306;156.471;153.192;153.393;161.080;170.309
1060.27;106.808;153.337;158.227;153.856;154.290;160.980;171.852
1064.32;107.408;154.467;158.707;154.464;155.980;162.005;174.907
1068.41;107.881;154.403;160.674;155.304;155.695;164.155;171.993
1072.52;107.230;154.976;159.589;156.768;157.520;163.890;174.131
1076.70;105.047;155.384;161.023;157.096;158.080;163.430;174.814
1080.86;105.834;158.184;156.209;158.461;161.355;165.290;175.448
1085.05;104.719;159.260;156.210;160.062;158.640;166.240;176.081
1089.26;104.667;158.820;155.030;160.340;159.550;166.650;176.391
1093.50;104.043;160.528;152.543;159.594;162.385;166.870;176.982
1097.76;102.086;160.648;155.023;161.427;162.115;162.980;177.485
1102.05;101.182;160.698;155.273;162.634;162.515;161.024;175.291
1106.36;99.580;164.252;155.554;162.764;164.682;162.763;175.203
1110.71;100.120;164.016;156.154;164.059;164.472;164.704;177.528
1115.08;99.280;163.712;156.925;165.732;165.312;165.959;177.115
1119.47;99.140;164.372;159.182;164.515;160.716;167.680;178.458
1123.89;100.340;166.416;159.090;160.840;159.514;168.921;178.597
1128.33;99.800;166.692;160.036;159.797;161.480;169.303;178.503
1132.78;100.180;163.148;160.625;161.588;164.360;169.454;181.604
1137.25;100.080;162.616;162.882;164.693;165.348;170.673;179.663
1141.72;100.040;163.656;162.745;165.968;166.130;171.752;180.570
1146.19;100.280;166.292;163.245;165.634;166.702;171.931;180.115
1150.66;100.580;166.304;163.862;166.523;168.360;173.211;181.167
1155.15;100.700;167.452;165.518;169.095;169.252;173.662;181.879
1159.64;101.340;169.324;165.709;169.836;168.608;174.635;181.997
1164.14;100.980;169.020;165.881;169.564;170.384;174.824;181.709
1168.67;102.160;170.235;166.835;169.902;171.634;176.332;183.058
1173.22;102.580;171.440;168.218;170.160;170.726;177.644;182.421
1177.81;103.380;171.738;168.571;171.962;172.718;177.424;183.370
1182.42;103.740;171.988;170.286;172.537;173.024;177.812;182.721
1187.05;104.110;173.710;170.136;172.361;173.496;178.644;185.513
1191.70;104.564;173.420;170.153;173.698;175.084;181.076;183.078
1196.35;103.363;176.060;171.808;174.067;176.436;180.196;184.455
1201.01;103.747;176.485;172.927;175.452;177.024;181.068;186.828
1205.68;104.594;176.785;173.524;177.311;177.352;182.784;184.184
1210.36;105.910;177.085;176.566;176.057;176.720;182.520;184.488
1215.05;106.679;177.670;174.533;177.274;178.738;183.084;186.149
1219.76;106.663;180.740;177.876;176.427;180.828;184.316;185.230
1224.48;106.974;178.715;177.576;177.997;179.730;184.224;185.394
1229.22;107.324;180.405;177.620;178.699;180.446;185.292;185.885
1234.01;107.747;182.685;181.164;179.692;184.096;188.620;186.288
1238.86;108.468;181.470;179.616;181.399;181.062;187.957;186.591
1243.74;109.373;182.445;180.040;181.633;183.594;187.670;186.406
1248.63;110.799;183.735;182.856;182.063;183.548;189.072;189.698
1253.53;112.573;183.135;183.412;183.691;184.324;189.734;187.666
1258.45;114.020;184.980;182.472;184.906;185.048;190.202;188.279
1263.40;115.747;188.202;183.460;184.195;190.290;192.008;189.173
1268.42;116.888;186.614;185.396;186.220;187.078;191.996;189.879
1273.42;119.210;187.064;186.452;187.384;188.324;193.208;189.027
1278.44;119.534;188.886;186.092;187.058;188.694;194.402;189.097
1283.49;119.388;188.436;188.260;188.582;188.677;193.863;190.070
1288.56;130.432;189.904;187.952;187.616;189.812;194.773;189.421
1293.65;131.164;191.128;189.676;189.744;191.342;196.204;194.385
1298.77;132.584;190.542;189.448;191.242;191.991;196.533;193.721
1303.91;134.212;192.756;190.168;191.998;193.228;196.835;195.349
1309.08;133.966;192.524;192.076;192.344;193.635;198.320;196.661
1314.27;134.222;193.675;192.096;193.264;194.135;199.858;195.439
1319.48;134.622;194.925;195.268;192.898;194.677;199.508;196.467
1324.71;135.953;195.752;192.824;193.244;195.784;200.222;196.694
1329.96;136.754;195.330;195.376;194.674;196.977;199.612;197.767
1335.24;136.623;197.368;195.076;195.638;197.944;196.888;196.054
1340.54;136.447;197.876;195.200;196.270;197.466;195.932;198.134
1345.86;135.577;198.370;199.608;197.076;200.902;197.122;197.715
1351.20;135.109;198.776;197.472;198.340;199.572;201.330;197.215
1356.57;133.754;199.646;198.356;198.694;199.319;201.022;198.946
1361.95;133.554;199.982;199.048;198.712;201.047;200.956;198.903
1367.36;133.216;198.326;199.760;200.512;202.594;201.962;198.124
1372.78;132.439;197.363;201.400;201.972;197.123;202.728;198.197
1378.22;131.716;196.742;199.252;201.854;196.233;203.066;198.588
1383.68;130.939;195.119;201.096;201.144;198.182;203.430;197.824
1389.16;130.285;199.464;201.904;201.248;200.537;203.665;198.479
1394.66;129.693;199.521;198.476;199.060;199.763;204.025;198.791
1400.17;128.816;199.314;198.160;197.924;200.719;204.915;197.636
1405.68;128.016;199.951;197.844;197.850;202.405;204.325;197.988
1411.21;127.308;202.511;199.564;200.248;203.716;205.490;197.418
1416.73;126.832;201.956;200.492;201.802;202.649;205.295;197.982
1422.25;126.180;201.528;202.684;201.932;203.265;205.350;197.515
1427.77;125.656;201.686;202.508;202.038;202.919;205.570;197.015
1433.29;125.344;202.909;202.560;203.078;204.521;204.980;197.776
1438.81;125.752;203.279;202.260;204.234;204.821;206.390;196.927
1444.33;125.792;203.486;204.092;203.960;205.044;206.845;196.318
1449.86;126.472;202.663;204.008;203.538;204.419;207.185;196.882
1455.41;126.772;204.460;204.072;204.238;206.084;207.370;196.415
1460.96;126.760;205.716;203.722;205.550;207.116;208.535;195.527
1466.53;126.288;203.847;203.552;206.486;206.168;207.600;195.888
1472.10;127.392;206.118;205.308;205.236;208.239;207.340;195.512
1477.69;128.264;205.656;205.632;205.636;206.163;211.156;194.239
1483.29;129.124;205.324;208.004;205.526;207.014;210.796;194.006
1488.89;129.464;205.668;204.688;205.548;207.376;209.628;192.739
1494.51;130.756;207.264;206.148;207.170;209.312;212.324;191.536
1500.20;132.152;207.032;210.932;207.955;208.268;211.880;191.791
1505.83;132.528;207.736;206.780;207.855;208.348;210.416;190.442
1511.48;134.600;212.032;207.924;206.730;213.108;210.520;189.721
1517.14;133.000;208.444;210.340;209.685;208.640;210.508;183.145
1522.81;131.350;207.640;208.476;211.425;209.412;211.616;183.488
1528.49;129.800;210.728;208.248;208.850;212.880;212.236;181.754
1534.18;129.100;209.160;208.760;210.900;211.556;213.032;182.088
1539.89;128.500;209.184;208.468;212.100;212.180;213.820;180.936
1545.61;126.950;210.580;210.376;209.710;211.930;212.336;179.930
1551.36;124.225;210.792;210.188;210.240;211.748;212.975;180.482
1557.11;121.325;211.536;211.344;210.360;212.268;213.837;179.627
1562.88;119.100;211.692;212.752;210.415;211.956;214.745;178.921
1568.66;117.002;211.608;209.980;211.385;212.768;215.363;178.027
1574.45;114.780;213.716;211.004;212.345;214.452;215.841;178.097
1580.25;112.676;211.416;212.224;213.430;211.752;217.675;176.936
1586.07;110.588;212.488;212.508;213.795;213.700;217.907;176.803
1591.90;108.998;213.520;212.720;212.720;215.960;217.878;176.509
1597.73;106.558;213.145;214.180;213.605;215.508;217.974;175.433
1603.57;104.780;214.283;215.132;214.080;215.664;218.971;175.303
1609.42;102.884;215.037;215.556;214.565;216.480;218.529;174.330
1615.29;101.388;216.192;216.176;214.850;217.408;219.412;173.912
1621.16;99.798;216.209;216.036;215.710;217.564;220.615;173.221
1627.04;97.514;217.019;217.488;216.170;218.276;220.611;170.775
1632.95;96.024;216.827;216.296;216.475;218.160;220.878;169.342
1638.87;93.528;218.074;217.552;216.940;219.880;221.658;168.621
1644.81;89.456;217.654;219.212;217.305;218.572;221.628;166.563
1650.77;84.034;218.510;218.248;217.150;219.576;222.020;164.366
1656.75;88.296;219.783;218.848;217.130;221.552;222.152;161.778
1662.74;87.714;218.808;219.320;218.650;221.056;223.860;161.506
1668.74;86.640;220.338;218.456;219.405;221.780;222.644;158.881
1674.75;85.711;221.410;219.228;219.670;222.612;222.502;157.151
1680.78;84.957;221.136;220.780;220.010;221.624;223.610;156.324
1686.81;84.030;222.010;221.735;220.050;222.012;223.490;154.166
1692.86;83.003;222.009;222.168;219.820;223.372;224.168;150.899
1698.92;81.849;224.002;222.601;220.915;224.160;225.196;148.569
1704.99;80.603;223.108;222.952;221.815;223.748;225.872;148.597
1711.08;79.611;223.546;222.464;222.050;224.336;226.224;145.884
1717.17;78.884;225.329;223.224;221.750;224.718;226.734;143.957
1723.28;78.057;224.600;223.548;222.540;225.017;227.976;142.930
1729.40;77.157;225.130;224.108;222.870;226.155;228.112;142.512
1735.53;76.311;226.280;224.240;223.420;225.727;227.922;140.560
1741.67;75.719;224.690;224.724;224.620;226.036;228.122;139.142
1747.83;75.365;225.580;224.984;225.085;226.481;228.810;138.324
1754.06;71.072;226.150;224.832;225.004;227.381;229.139;117.454
1760.24;71.112;227.010;225.208;225.936;228.164;229.405;116.236
1766.44;71.456;227.640;225.388;226.468;227.872;230.027;113.775
1772.65;71.768;227.880;226.480;227.120;228.663;230.666;112.924
1778.87;72.396;228.530;227.392;226.980;229.426;230.473;111.348
1785.10;72.984;229.050;227.356;227.228;230.664;231.176;110.330
1791.35;73.396;228.740;228.056;227.532;230.318;231.495;108.651
1797.61;74.208;228.880;228.684;228.156;230.446;231.910;107.824
1803.87;75.252;228.540;228.604;228.260;230.017;231.934;106.733
1810.15;76.404;229.940;229.760;229.044;231.254;234.506;105.536
1816.44;78.008;230.280;229.340;229.588;231.854;233.360;104.239
1822.74;79.192;231.380;229.848;230.172;232.364;232.180;103.327
1829.06;80.508;231.950;230.640;230.768;232.036;233.240;102.233
1835.39;81.590;230.020;233.280;231.168;232.463;234.020;101.521
1841.73;82.474;231.600;231.836;230.472;233.496;234.900;101.209
1848.08;83.306;233.847;231.164;230.636;237.086;235.900;99.939
1854.45;84.967;232.053;231.940;233.148;233.044;234.740;99.512
1860.83;87.209;233.313;232.496;235.124;234.464;236.160;99.015
1867.22;89.367;233.678;233.632;231.800;234.154;236.240;97.836
1873.62;91.377;232.988;233.960;233.472;234.844;236.280;97.315
1880.03;92.445;233.078;233.580;233.636;236.345;237.420;96.912
1886.45;93.032;235.147;234.516;233.844;236.611;236.800;96.027
1892.89;93.948;234.243;234.716;234.496;235.024;231.940;95.903
1899.34;95.235;235.791;235.108;234.948;237.598;225.500;95.997
1905.80;96.648;234.665;237.356;235.544;230.617;216.440;95.030
1912.26;97.848;233.610;235.132;236.068;231.575;212.177;96.067
1918.74;99.164;230.830;228.160;234.600;229.102;209.940;95.906
1925.23;100.851;223.380;221.492;236.668;226.785;204.229;95.706
1931.74;102.693;216.181;202.760;236.168;222.520;194.025;95.991
1938.25;104.480;202.228;199.504;232.504;211.771;177.041;96.679
1944.77;106.190;188.051;193.832;224.872;213.338;186.500;96.603
1951.29;107.530;188.013;193.880;211.116;211.420;195.909;96.794
1957.81;109.360;194.786;189.576;202.024;208.530;189.062;96.897
1964.33;110.950;195.333;183.464;200.516;203.890;186.939;97.288
1970.83;113.000;197.436;195.916;201.384;191.320;185.499;97.009
1977.30;114.330;191.826;197.864;196.232;185.700;180.065;97.485
1983.72;116.370;194.356;191.420;187.900;197.460;177.931;97.403
1990.10;118.030;192.776;188.264;188.356;188.880;169.745;97.497
1996.41;118.320;186.780;188.240;195.684;179.590;150.938;97.888
2002.62;117.110;182.040;179.668;187.024;178.330;157.950;97.609
2008.68;117.020;175.252;181.000;181.060;175.590;163.120;98.182
2014.59;122.617;171.936;173.436;184.628;173.190;155.484;103.706
2020.40;123.441;172.216;166.024;177.700;175.970;156.316;105.543
2026.15;124.448;172.124;168.584;172.558;168.670;155.368;106.133
2031.72;125.062;169.636;168.024;171.555;162.960;150.258;106.684
2037.17;125.603;166.836;163.188;165.904;170.140;146.750;107.476
2042.51;126.748;166.236;157.012;167.176;164.750;141.930;108.664
2047.76;127.238;159.864;153.436;167.758;161.200;140.186;108.409
2052.93;127.441;155.832;150.112;162.971;156.850;139.450;109.564
2058.02;128.448;154.608;146.688;160.494;149.370;137.182;110.037
2063.07;129.310;150.628;145.144;156.842;142.760;135.140;110.487
2068.05;129.907;145.788;142.040;152.961;142.060;129.892;110.646
2072.93;129.917;143.528;139.904;148.964;138.570;121.422;110.796
2077.67;130.741;139.516;136.260;145.239;134.660;114.410;111.673
2082.31;131.748;136.712;133.244;140.716;134.210;113.183;112.185
2086.85;132.610;134.640;130.092;137.368;133.050;113.430;113.267
2091.30;133.672;131.790;127.420;133.731;129.570;111.917;114.464
2095.65;134.965;128.790;124.160;130.845;126.360;110.359;114.694
2099.89;135.936;126.138;123.396;129.271;123.880;108.774;115.961
2104.02;136.408;122.929;119.748;126.350;120.790;107.316;116.679
2108.04;137.636;121.282;117.792;123.126;118.780;106.629;117.185
2111.96;137.980;118.316;115.312;121.853;117.470;106.215;118.655
2115.77;139.576;115.290;114.116;118.642;115.160;105.145;118.894
2119.47;141.248;114.117;111.920;116.130;112.260;103.759;119.773
2123.07;142.264;111.390;110.840;114.390;105.940;102.231;120.770
2126.57;142.592;109.608;108.936;112.019;108.910;101.044;121.819
2129.99;143.352;107.312;108.080;110.682;108.000;99.731;122.868
2133.31;144.932;106.652;106.620;109.578;107.070;97.518;123.385
2136.56;146.988;104.860;105.564;108.645;106.750;96.848;123.788
2139.74;147.664;104.165;103.904;107.515;106.014;96.808;125.158
2142.85;148.504;103.752;102.792;106.682;103.634;95.716;125.976
2145.91;150.480;102.395;102.612;105.541;102.979;94.988;126.291
2148.92;151.436;101.765;101.568;104.656;101.813;95.348;127.755
2151.89;151.748;100.482;101.224;103.715;100.190;95.476;128.091
2154.82;153.116;99.691;101.444;102.993;99.278;94.740;129.943
2157.72;154.160;99.078;100.784;102.078;98.869;94.244;129.806
2160.59;154.698;98.043;100.528;101.626;96.923;94.144;130.382
2163.44;155.694;97.470;99.748;101.389;96.245;94.436;132.049
2166.26;157.164;96.454;100.292;101.163;95.569;94.812;133.458
2169.06;158.063;96.472;100.192;100.878;93.799;95.292;133.694
2171.83;158.140;96.844;100.156;100.204;94.820;95.152;133.603
2174.58;156.701;96.298;100.632;99.571;96.886;95.192;135.443
2177.32;160.033;96.372;98.564;99.221;99.013;95.724;139.309
2180.05;160.298;96.744;97.104;98.889;97.720;95.845;139.494
2182.76;160.667;96.542;98.332;98.774;99.401;95.882;139.209
2185.49;160.804;96.930;98.740;98.482;98.677;96.033;137.163
2188.19;161.710;96.914;99.256;98.066;99.267;96.375;140.010
2190.88;162.734;97.502;99.892;98.443;98.978;96.215;139.615
2193.56;163.106;97.256;99.928;98.293;98.635;96.505;140.182
2196.23;163.598;98.404;101.464;98.314;97.454;97.055;140.103
2198.90;163.978;98.256;102.224;98.728;98.623;97.348;140.973
2201.56;165.440;98.802;102.596;99.062;98.033;97.798;141.388
2204.22;165.760;99.502;103.668;99.570;98.344;98.055;143.049
2206.88;165.202;99.858;103.292;100.690;98.656;98.760;143.488
2209.55;166.216;100.588;103.176;101.266;98.245;100.015;144.179
2212.21;167.664;101.130;102.876;101.776;97.624;100.710;144.879
2214.88;167.468;101.544;102.608;101.482;96.090;101.790;145.676
2217.56;167.872;102.025;102.740;100.914;95.321;102.985;145.991
2220.25;168.570;101.760;103.312;101.214;96.322;103.894;147.261
2222.95;168.934;102.210;104.728;101.286;96.511;104.994;147.688
2225.65;169.544;102.640;106.304;101.822;96.787;106.094;148.379
2228.36;171.110;101.935;107.492;102.734;98.388;107.248;148.594
2231.07;171.896;102.650;107.488;102.642;99.199;108.016;149.570
2233.79;171.570;102.205;108.620;103.504;100.209;108.092;150.570
2236.51;171.980;102.780;110.088;104.228;102.043;107.892;151.085
2239.23;172.675;103.750;111.188;104.676;103.277;108.394;151.294
2241.95;173.245;104.070;112.416;104.914;103.933;108.252;152.658
2244.69;174.015;105.120;114.908;105.784;104.068;108.564;152.215
2247.43;174.565;105.470;115.056;107.242;102.968;109.408;153.849
2250.18;174.920;106.775;114.812;108.522;101.796;110.796;153.997
2252.94;175.840;107.425;104.288;109.662;100.216;111.738;155.164
2255.71;176.310;108.350;100.952;110.170;99.744;112.734;155.976
2258.49;176.875;109.435;104.048;110.188;100.872;113.753;156.388
2261.29;177.270;111.130;100.672;108.396;101.580;114.807;155.818
2264.10;177.820;111.655;100.433;107.444;102.804;115.647;151.920
2266.94;178.670;112.210;102.333;107.498;102.232;116.342;152.382
2269.81;179.325;112.980;104.212;108.686;103.392;117.901;152.594
2272.70;180.090;113.780;105.784;109.526;104.992;119.283;151.921
2275.60;180.505;114.908;107.138;111.390;106.616;120.383;151.124
2278.51;181.545;116.024;110.489;112.802;108.260;121.748;149.936
2281.43;180.910;116.620;113.077;114.638;108.844;122.871;148.639
2284.36;181.588;117.372;114.233;115.346;109.960;123.359;147.048
2287.30;182.352;118.928;115.930;116.628;110.628;124.189;145.739
2290.27;184.808;120.040;114.916;117.456;112.396;124.959;129.602
2293.25;184.748;121.292;113.870;118.656;113.304;125.842;127.851
2296.25;184.696;122.340;114.926;119.552;114.968;127.189;128.188
2299.27;185.112;123.340;116.656;120.522;116.308;128.807;126.260
2302.35;185.032;124.592;117.610;121.890;117.292;129.960;124.163
2305.54;185.548;126.144;120.540;122.356;118.796;130.460;122.160
2308.74;184.524;127.156;122.512;123.146;119.668;131.740;120.160
2311.96;183.463;128.980;124.021;124.936;120.936;133.376;117.384
2315.21;183.215;131.064;124.370;126.615;121.344;134.676;115.263
2318.49;182.752;131.148;125.342;127.164;122.520;135.768;112.581
2321.80;182.463;132.444;125.879;128.436;123.532;137.084;108.620
2325.14;182.289;131.608;125.677;130.056;124.704;138.472;106.269
2328.50;182.729;131.904;126.798;130.885;126.236;140.664;105.133
2331.90;183.652;132.840;128.268;131.839;126.656;141.992;102.772
2335.32;183.622;133.924;130.577;132.329;128.076;140.552;99.402
2338.78;183.852;134.436;131.621;133.585;130.208;139.296;97.263
2342.26;184.081;136.824;132.047;135.709;131.300;139.928;93.902
2345.79;184.567;137.466;134.147;137.366;133.308;146.216;93.509
2349.34;184.296;138.330;136.023;137.468;132.128;147.014;93.888
2352.92;185.392;141.405;135.140;139.370;134.076;144.279;94.579
2356.55;186.215;140.589;137.028;140.693;136.148;146.975;93.727
2360.20;185.604;141.379;137.547;140.407;136.584;148.608;92.439
2363.88;185.396;144.422;139.423;141.629;137.408;149.459;89.975
2367.60;186.085;144.336;138.561;144.016;138.956;149.798;88.736
2371.35;186.252;143.619;140.791;145.842;140.052;150.159;89.379
2375.14;186.532;144.662;142.007;144.929;140.660;151.416;89.206
2378.95;187.210;147.058;142.366;146.107;142.569;153.271;88.909
2382.80;187.318;147.085;145.886;147.173;143.726;154.147;87.736
2386.68;188.171;149.075;145.770;149.043;144.251;155.479;87.118
2390.59;188.621;150.247;146.833;151.105;146.717;157.155;86.324
2394.55;188.862;150.732;148.705;150.995;147.526;157.247;85.815
2398.53;188.914;152.128;150.149;151.885;147.882;159.140;85.509
2402.56;189.632;154.060;150.870;153.892;149.347;161.202;85.015
2406.62;190.044;154.566;151.940;155.132;151.130;160.650;87.425
2410.71;189.756;156.260;153.779;155.453;152.130;161.250;88.470
2414.85;190.386;157.845;153.682;156.983;153.208;163.250;87.239
2419.01;190.238;157.608;156.233;156.761;154.678;163.700;89.819
2423.21;190.794;159.714;157.958;158.182;155.460;164.250;89.415
2427.44;191.220;160.938;157.519;160.929;157.265;165.900;88.624
2431.70;191.246;160.444;159.163;161.210;157.778;166.650;89.376
2435.99;192.946;162.760;160.014;161.341;158.417;164.450;90.176
2440.31;194.561;163.792;160.368;163.046;159.005;163.275;93.808
2444.66;194.617;164.023;162.670;164.017;157.596;165.225;95.158
2449.04;194.722;164.173;163.593;164.941;156.848;168.000;95.976
2453.45;194.717;166.168;163.598;164.540;157.215;169.925;95.127
2457.89;195.524;167.010;164.991;161.905;161.857;170.175;96.361
2462.36;196.344;163.902;166.256;162.653;161.056;170.850;96.594
2466.84;196.997;164.143;166.867;165.977;162.295;171.700;96.794
2471.39;197.893;165.293;165.058;167.400;163.665;172.735;96.121
2475.90;197.022;168.042;164.465;166.600;164.230;174.039;98.234
2480.42;196.822;169.174;164.217;168.580;165.269;175.629;98.688
2484.96;196.934;169.546;167.198;169.060;166.608;176.602;99.961
2489.53;197.340;170.092;168.619;169.140;168.020;177.039;100.679
2494.12;197.480;170.856;170.214;170.440;168.169;177.943;101.621
2498.72;198.000;171.820;170.582;171.640;168.482;178.643;102.571
2503.34;198.960;172.820;172.979;172.280;169.895;179.343;101.824
2507.98;199.100;174.558;172.714;174.060;171.265;179.504;103.449
2512.63;198.740;174.495;173.068;175.460;171.752;180.280;103.694
2517.30;199.460;175.291;175.216;175.380;172.308;181.545;104.767
2521.99;199.760;176.391;174.289;176.580;173.843;182.535;105.673
2526.70;199.320;177.491;176.807;176.960;174.772;183.251;105.021
2531.45;199.440;177.781;176.921;177.960;174.754;184.376;107.328
2536.24;199.840;178.853;177.403;178.480;175.882;183.392;107.594
2541.06;199.960;179.424;180.079;179.500;177.028;180.040;108.570
2545.91;200.110;180.715;179.912;180.720;177.312;176.792;109.182
2550.79;200.040;181.081;181.442;181.760;178.322;172.288;110.461
2555.71;200.060;182.477;182.126;183.060;180.174;169.616;111.179
2560.66;200.710;183.367;183.506;184.210;179.778;165.936;112.267
2565.65;201.180;184.877;179.411;184.780;182.184;161.968;114.240
2570.65;201.013;178.234;176.627;185.200;182.756;157.036;113.233
2575.68;200.559;174.494;172.657;185.300;181.896;150.184;115.334
2580.71;200.787;169.545;167.897;181.460;174.066;145.120;116.079
2585.76;201.036;163.802;164.591;174.860;170.434;135.904;116.779
2590.80;200.636;160.918;156.255;168.180;164.094;129.252;117.285
2595.81;201.097;159.609;152.678;163.820;160.942;134.048;118.367
2600.81;201.444;158.590;148.302;162.520;157.474;136.372;118.982
2605.77;200.951;150.786;146.916;155.760;159.824;130.608;119.970
2610.69;201.395;149.640;145.429;149.760;149.828;122.818;120.776
2615.55;200.895;142.600;140.577;145.720;132.744;117.341;121.867
2620.33;200.641;138.320;141.215;131.080;131.504;114.962;121.997
2625.04;200.618;137.460;135.953;123.220;127.736;107.682;123.067
2629.62;198.450;135.400;133.265;119.440;137.700;104.063;124.167
2634.04;98.840;132.100;122.856;120.060;133.204;102.357;126.382
2638.33;98.310;129.160;113.467;122.720;130.166;94.799;125.236
2642.50;97.885;125.240;101.637;116.780;118.466;93.314;123.648
2646.58;97.095;120.480;91.423;106.440;115.842;99.138;124.279
2650.54;96.330;118.860;90.162;107.320;116.212;100.919;124.009
2654.38;95.730;117.500;87.014;103.360;116.746;96.786;122.933
2658.12;94.995;115.360;87.046;96.320;115.548;94.769;122.997
2661.75;94.455;112.580;84.965;95.960;113.790;98.315;122.515
2665.27;94.490;108.800;85.151;98.020;112.094;99.525;121.724
2668.72;94.240;98.880;94.157;96.083;108.522;97.326;121.506
2672.04;93.755;93.080;98.725;90.251;100.360;95.564;121.306
2675.26;93.655;92.520;96.498;83.319;90.550;93.964;120.427
2678.40;93.555;90.040;97.727;79.711;87.882;92.640;120.109
2681.47;93.455;94.680;96.676;81.239;83.258;91.870;119.809
2684.46;93.805;94.240;95.539;88.893;74.680;91.232;118.636
2687.39;94.480;95.720;93.218;92.093;77.030;90.202;118.503
2690.24;94.835;95.884;90.702;89.639;82.524;88.856;117.239
2693.04;95.135;93.114;89.491;88.482;92.710;91.182;115.745
2695.78;95.806;91.215;90.693;88.518;93.435;94.156;115.312
2698.45;96.308;89.557;90.523;87.744;90.650;93.308;113.651
2701.08;96.522;89.516;89.724;86.595;89.755;92.694;112.824
2703.65;97.038;89.047;92.826;86.095;89.485;92.698;110.860
2706.18;97.246;88.347;94.542;85.349;90.510;93.860;109.733
2708.68;97.668;87.805;95.107;85.356;96.380;93.986;107.857
2711.14;98.422;88.095;95.228;86.997;93.910;93.770;107.024
2713.57;98.708;89.622;95.523;88.492;93.625;94.685;104.866
2715.98;98.784;90.316;94.563;89.077;95.020;95.670;103.345
2718.37;99.184;91.980;95.442;89.638;95.685;96.045;102.524
2720.75;99.262;91.136;96.049;90.577;95.915;95.695;99.881
2723.12;99.192;93.249;96.679;90.031;97.535;95.830;98.248
2725.48;99.530;93.347;96.477;90.320;96.780;96.420;97.812
2727.85;99.662;94.938;97.514;92.238;97.845;96.425;95.181
2730.22;99.868;95.874;97.735;93.013;98.175;96.925;94.712
2732.60;100.392;96.316;98.179;91.944;98.705;97.740;91.693
2734.99;100.638;96.953;97.977;91.984;99.510;98.220;91.794
2737.39;101.168;97.574;98.976;93.769;100.460;98.810;91.218
2739.81;101.647;97.154;98.626;93.931;99.310;99.305;90.424
2742.23;102.170;98.794;98.398;94.138;100.530;98.925;90.497
2744.67;102.794;99.144;99.749;95.118;100.775;99.425;88.948
2747.12;103.041;100.738;100.435;94.918;101.365;99.084;88.803
2749.59;103.623;102.682;100.991;95.169;102.405;98.256;88.606
2752.07;111.799;101.384;102.263;96.684;102.820;99.124;92.073
2754.57;112.935;101.212;103.142;97.895;101.770;100.124;91.809
2757.09;113.999;103.094;103.672;98.666;101.900;101.616;92.382
2759.64;115.088;104.926;103.342;100.692;103.585;104.152;93.176
2762.21;115.876;106.704;104.026;101.195;103.575;105.436;93.588
2764.80;117.076;107.802;105.714;102.253;103.910;107.380;94.182
2767.42;117.940;108.312;106.075;104.446;103.505;109.028;95.073
2770.06;118.968;106.606;108.474;105.251;104.205;110.580;95.779
2772.74;120.568;106.568;109.523;106.679;105.055;112.624;96.188
2775.47;121.832;107.012;110.570;108.538;106.755;113.888;97.364
2778.26;122.876;107.178;111.717;109.936;108.335;115.012;98.370
2781.06;124.316;109.228;114.663;110.946;109.400;116.212;98.885
2783.90;125.440;110.112;115.486;113.338;111.325;117.046;99.870
2786.77;126.324;111.994;115.433;115.852;112.735;119.289;100.482
2789.67;127.960;113.514;117.228;117.712;113.628;120.514;100.694
2792.61;129.432;114.580;117.628;119.842;114.492;120.959;101.282
2795.59;130.236;115.570;117.993;120.530;115.788;122.947;103.919
2798.60;130.888;116.493;118.040;121.316;117.396;124.643;104.097
2801.66;132.784;117.624;120.026;121.452;118.060;123.109;104.294
2804.78;134.596;119.979;121.721;123.564;118.964;121.172;103.815
2807.94;134.604;118.829;122.245;122.136;119.524;124.539;106.710
2811.13;135.364;121.303;125.584;116.716;120.716;128.614;105.248
2814.36;136.643;123.740;126.833;117.566;121.280;128.371;106.558
2817.63;137.343;123.507;128.229;121.840;124.056;128.759;106.503
2820.94;138.288;124.301;123.293;125.144;124.904;130.188;108.246
2824.28;139.635;124.908;124.866;124.436;121.996;131.057;107.815
2827.62;140.939;125.693;145.768;125.824;121.600;131.989;109.352
2830.97;142.186;127.825;129.505;128.444;128.092;134.140;110.855
2834.34;143.831;130.248;130.977;129.250;128.972;135.594;111.191
2837.73;144.849;129.722;132.014;129.102;128.396;136.966;111.006
2841.14;145.978;132.095;132.438;131.866;129.204;138.090;112.358
2844.57;147.541;132.823;135.656;132.906;130.896;138.724;113.273
2848.04;148.539;133.262;136.456;133.172;131.720;140.336;113.882
2851.55;149.688;135.710;137.263;134.562;133.736;141.262;115.064
2855.10;151.035;136.554;138.170;135.704;135.372;142.614;116.943
2858.70;152.143;137.986;139.212;137.492;135.004;143.810;117.194
2862.31;152.696;139.170;140.749;139.084;136.712;144.730;117.879
2865.94;153.978;140.692;141.505;140.082;137.588;146.314;119.258
2869.61;155.737;141.404;143.012;141.678;139.372;147.552;119.785
2873.33;157.037;142.412;144.549;142.830;140.992;148.446;121.061
2877.08;158.300;143.764;145.312;144.246;142.272;149.830;122.167
2880.86;162.050;144.784;146.898;145.336;143.796;150.868;131.934
2884.68;163.400;146.064;148.235;146.556;144.524;151.797;132.485
2888.54;163.850;147.692;148.819;148.062;146.020;153.702;133.082
2892.45;165.250;148.556;150.484;148.952;147.780;155.164;134.652
2896.39;165.650;149.612;151.642;150.056;148.408;155.851;134.603
2900.35;166.450;150.964;152.368;151.436;149.756;157.279;135.473
2904.33;166.700;152.212;154.663;152.110;151.116;158.564;135.694
2908.34;167.350;153.716;155.584;152.988;151.360;158.964;136.767
2912.36;168.712;155.392;156.735;153.968;152.600;159.692;137.091
2916.41;169.249;156.256;157.305;154.914;154.684;161.261;137.876
2920.52;169.149;157.084;158.714;156.110;154.712;160.901;139.355
2924.68;170.324;157.984;158.977;157.576;155.725;156.837;139.303
2928.93;171.194;158.960;160.098;159.458;157.953;152.947;140.367
2933.17;171.818;160.340;161.575;159.972;158.819;149.196;140.788
2937.43;173.210;161.612;163.928;156.760;159.485;145.042;141.576
2941.72;173.802;162.280;164.132;152.372;160.121;140.440;142.764
2946.04;174.359;160.975;161.403;150.708;161.319;136.740;142.703
2950.37;172.658;155.250;154.695;147.340;160.557;135.060;142.118
2954.70;169.172;151.250;152.586;143.405;153.745;130.580;143.361
2959.01;165.199;146.825;142.463;139.012;151.956;127.700;143.691
2963.28;156.937;143.725;133.979;135.649;148.977;128.160;144.961
2967.49;149.054;139.500;133.098;131.110;146.448;123.620;145.291
2971.62;150.115;138.675;124.190;129.142;141.715;117.920;146.658
2975.65;153.096;134.450;111.799;128.112;140.365;117.980;145.827
2979.59;151.676;123.100;107.737;125.695;133.301;116.160;146.867
2983.43;149.684;118.675;107.509;122.496;119.859;115.660;147.773
2987.17;147.860;125.800;115.432;121.287;113.171;117.400;148.091
2990.83;146.016;121.925;113.592;121.112;106.700;112.960;150.137
2994.42;144.628;121.525;118.576;118.824;92.157;108.840;146.805
2997.92;142.488;119.700;115.299;115.710;105.022;107.520;145.924
3001.37;140.584;118.150;110.508;112.581;116.675;105.510;144.445
3004.77;139.160;117.075;98.106;111.001;107.626;105.134;144.497
3008.11;136.588;114.475;98.554;111.572;113.811;106.163;143.627
3011.40;133.228;108.075;103.638;111.198;110.190;107.356;141.757
3014.64;130.512;107.325;96.388;109.798;99.740;107.054;139.275
3017.85;128.560;108.525;96.014;106.721;102.488;107.663;138.909
3021.01;126.352;107.750;92.788;102.195;107.545;111.413;135.990
3024.14;123.172;107.696;87.582;101.189;106.317;113.037;134.542
3027.24;120.052;106.098;82.366;103.145;106.604;111.532;133.627
3030.31;116.664;104.464;78.802;103.807;107.532;110.956;130.981
3033.34;113.508;105.062;81.054;103.356;106.894;110.732;130.027
3036.35;90.839;104.882;91.282;102.541;105.213;110.078;112.615
3039.32;89.842;104.552;91.348;101.929;104.283;110.161;111.048
3042.27;90.871;112.048;97.076;103.863;104.047;110.334;110.321
3045.19;91.412;115.810;101.130;106.673;103.317;110.966;108.360
3048.09;91.547;115.238;96.984;107.343;103.995;111.742;105.390
3050.97;90.917;110.682;98.354;107.959;106.815;112.262;104.815
3053.83;89.817;108.904;99.188;107.453;106.536;112.504;105.091
3056.68;89.035;109.392;99.090;105.886;107.149;113.266;103.742
3059.53;88.429;109.304;100.518;106.301;107.206;113.282;102.827
3062.37;87.570;110.458;100.878;107.603;108.618;112.904;102.703
3065.20;86.729;111.640;102.172;108.714;109.042;113.172;101.827
3068.05;88.414;112.788;103.366;109.761;110.798;112.876;101.024
3070.93;89.768;113.618;104.598;111.730;111.862;113.304;99.836
3073.84;90.372;114.910;107.664;112.902;112.744;113.952;99.121
3076.82;89.580;116.040;107.154;113.788;113.778;114.960;98.712
3079.83;89.658;114.820;108.012;114.780;115.608;115.288;97.051
3082.87;90.414;114.592;108.218;115.856;115.938;115.890;96.709
3085.93;90.162;114.810;108.542;116.284;115.416;118.996;96.118
3089.01;89.814;114.960;109.170;116.856;116.436;118.056;94.839
3092.10;89.616;114.416;108.766;116.976;116.654;117.707;93.830
3095.19;90.178;116.755;109.794;116.716;117.494;118.548;92.830
3098.28;91.094;118.138;109.832;117.728;119.984;118.763;91.539
3101.36;90.898;116.037;111.774;118.788;118.730;118.367;90.724
3104.44;91.272;120.383;110.016;118.556;117.698;119.169;89.342
3107.51;92.586;121.059;113.490;118.360;118.654;122.314;88.815
3110.57;93.540;120.965;114.936;117.412;118.864;123.441;88.412
3113.63;93.892;123.655;115.638;119.140;119.222;123.185;87.139
3116.69;94.664;125.476;117.734;120.052;122.176;125.794;86.130
3119.76;95.562;122.807;116.664;121.424;124.278;128.405;85.712
3122.84;96.305;124.693;116.376;122.248;121.954;125.830;85.555
3125.93;97.680;127.771;120.646;122.768;122.830;126.976;85.405
3129.05;99.280;126.018;119.872;125.716;125.736;129.926;84.915
3132.21;100.660;125.027;121.204;127.856;125.468;129.393;84.318
3135.39;102.245;129.599;124.526;127.228;124.436;129.348;83.815
3138.61;102.935;128.088;126.428;129.228;128.556;130.896;83.315
3141.86;103.955;126.827;125.456;132.656;127.630;131.168;82.815
3145.15;105.450;130.304;128.044;131.632;127.354;132.272;82.509
3148.46;106.285;130.160;129.976;132.556;131.610;135.564;82.694
3151.80;105.005;130.608;125.080;134.508;131.110;135.320;82.926
3155.17;100.455;132.656;128.014;132.488;131.006;135.324;83.160
3158.57;107.315;133.372;129.824;132.036;132.760;136.692;83.393
3162.01;114.304;133.328;130.254;134.024;134.220;138.424;89.479
3165.47;114.104;136.396;131.262;135.024;133.796;140.260;89.694
3168.98;116.572;136.664;133.782;136.824;135.726;142.248;91.058
3172.51;117.584;137.020;133.560;138.696;136.156;142.196;92.846
3176.09;117.548;138.668;134.590;137.756;135.824;143.728;93.385
3179.71;119.076;140.136;136.054;138.316;137.680;145.668;94.661
3183.36;120.112;140.932;136.960;139.716;139.528;146.710;95.961
3187.05;121.320;142.972;138.098;141.072;140.899;147.870;96.194
3190.78;123.152;143.196;141.122;143.340;142.904;149.650;96.976
3194.55;123.788;144.224;140.044;144.596;144.333;150.090;98.261
3198.35;124.932;145.708;142.336;144.888;145.337;150.505;99.852
3202.20;126.796;147.756;143.062;147.104;147.219;152.700;100.143
3206.07;127.948;148.760;145.564;149.452;147.338;153.895;100.393
3209.98;128.972;150.556;145.228;150.288;148.393;154.050;103.795
3213.93;130.172;151.056;148.788;150.892;151.877;155.295;102.154
3217.91;131.498;152.440;148.606;152.068;150.652;157.065;104.331
3221.97;133.468;155.272;148.796;151.445;151.680;158.055;106.243
3226.01;134.728;155.419;150.384;153.995;153.395;157.985;104.942
3230.09;137.180;156.875;151.730;155.790;154.028;159.435;107.228
3234.20;138.330;156.890;152.320;156.755;155.323;161.045;107.203
3238.35;138.356;156.884;154.242;157.710;156.643;162.130;110.207
3242.52;139.498;158.278;155.014;157.960;156.818;163.470;110.106
3246.72;140.214;159.865;156.824;159.120;158.676;163.936;110.197
3250.96;140.813;161.649;157.278;160.270;159.076;164.506;112.819
3255.22;142.283;161.490;158.536;161.860;159.609;165.950;112.512
3259.51;144.240;161.555;159.136;93.785;160.728;167.464;117.059
3263.83;145.442;162.694;159.796;78.225;162.004;167.166;115.745
3268.17;146.498;163.881;161.348;163.830;163.243;167.406;116.185
3272.54;147.271;161.715;162.196;164.645;163.266;168.340;117.558
3276.94;148.255;160.061;163.682;163.035;164.571;169.238;118.958
3281.36;149.641;160.652;163.658;161.675;165.718;170.040;119.194
3285.81;150.599;158.515;167.682;163.175;166.303;171.278;122.013
3290.28;151.185;167.440;167.310;165.080;161.143;172.434;120.742
3294.76;152.328;166.033;165.726;165.635;161.223;170.664;124.677
3299.25;153.638;166.214;163.030;165.780;163.626;166.760;124.412
3303.76;154.448;166.845;163.920;167.505;167.715;165.374;124.497
3308.27;155.918;167.623;170.368;167.820;166.747;161.557;127.895
3312.79;156.452;167.510;168.186;168.500;168.199;153.764;127.418
3317.34;153.184;164.080;166.556;170.320;169.957;144.201;130.698
3321.90;150.884;163.190;168.952;170.930;170.238;137.366;131.188
3326.49;146.914;162.070;167.954;171.455;171.863;135.784;131.103
3331.11;114.428;158.700;163.992;169.440;175.725;132.646;118.269
3335.76;111.313;155.260;162.054;165.205;165.106;133.697;116.454
3340.42;113.075;151.430;157.852;161.135;162.120;131.166;114.460
3345.10;112.625;148.100;151.944;156.540;157.760;124.732;112.460
3349.75;110.774;148.180;145.172;148.540;153.160;126.122;111.042
3354.38;107.781;138.170;150.454;137.950;147.500;127.245;108.769
3358.96;105.746;132.335;141.690;137.515;144.120;123.184;107.148
3363.49;104.497;130.385;138.442;140.980;140.660;111.054;104.966
3367.97;105.334;123.150;138.614;141.420;136.680;96.635;103.930
3372.39;105.102;125.900;131.246;135.805;137.700;105.528;102.736
3376.73;104.495;126.340;134.590;130.145;131.720;110.388;101.342
3380.98;103.992;121.860;125.166;126.515;127.060;107.636;100.427
3385.13;103.146;107.700;103.510;122.990;120.380;103.044;99.236
3389.17;102.546;103.980;116.014;120.675;118.280;101.056;97.454
3393.10;101.179;108.480;113.028;120.040;117.860;101.664;96.430
3396.91;100.459;109.680;111.864;118.205;116.040;101.448;95.236
3400.60;100.323;108.450;111.168;115.375;113.560;100.348;94.036
3404.16;99.846;107.241;108.824;113.145;111.140;99.376;93.612
3407.64;100.839;106.072;104.434;109.708;110.000;98.580;93.212
3410.98;102.540;105.079;103.256;106.072;103.560;97.580;92.424
3414.24;102.440;104.317;100.562;104.272;104.320;96.548;91.527
3417.42;102.660;102.651;93.790;102.242;101.420;95.448;90.918
3420.53;102.440;101.862;95.158;100.954;100.480;94.316;91.094
3423.56;102.420;101.179;94.332;99.060;99.260;92.956;90.324
3426.52;102.940;99.865;91.556;97.268;97.700;91.459;93.792
3429.41;103.760;98.779;89.156;97.286;96.700;90.297;93.221
3432.24;104.620;96.292;86.810;96.570;95.840;89.183;94.752
3435.01;105.560;95.645;85.286;95.518;95.420;88.483;95.091
3437.75;106.600;95.386;83.464;93.910;94.600;88.062;94.906
3440.44;107.480;94.165;82.822;92.916;93.880;88.231;96.064
3443.09;108.220;93.286;81.468;91.826;92.840;88.331;94.936
3445.72;108.020;94.066;79.310;90.616;93.780;88.307;97.131
3448.31;108.720;94.845;77.774;89.986;93.500;87.759;99.140
3450.88;109.640;94.310;75.788;88.948;92.620;85.946;97.939
3453.41;110.820;94.069;75.588;88.254;92.340;83.228;99.258
3455.91;110.900;94.652;75.442;88.384;92.360;82.679;100.755
3458.39;114.640;94.210;76.112;89.382;91.640;83.269;100.897
3460.84;114.716;93.696;76.540;90.484;90.800;83.231;100.997
3463.27;112.817;94.552;80.264;90.884;90.200;83.630;101.679
3465.68;113.249;94.388;79.790;90.870;91.140;84.190;101.991
3468.09;114.149;93.352;81.236;90.324;91.648;83.670;103.261
3470.50;124.512;93.544;81.764;90.092;91.398;83.780;106.809
3472.90;123.224;93.120;81.230;89.832;91.190;83.900;106.509
3475.31;124.430;92.392;81.724;89.492;91.140;83.320;105.724
3477.73;125.661;92.336;82.070;90.290;91.016;83.510;105.409
3480.15;126.493;92.060;81.636;91.744;90.301;83.240;104.042
3482.58;127.434;91.696;82.248;93.098;88.779;83.310;103.224
3485.02;128.382;91.532;83.060;93.202;88.595;84.100;101.745
3487.46;129.854;91.364;84.066;92.362;88.116;85.010;100.827
3489.89;131.492;91.436;85.058;92.798;87.653;85.740;99.636
3492.33;132.596;91.024;84.412;93.316;87.079;86.540;97.854
3494.76;133.334;90.528;84.666;92.778;87.021;87.670;96.345
3497.19;134.282;91.148;85.718;93.136;87.289;89.540;94.166
3499.62;136.064;91.568;86.066;94.230;88.063;90.365;92.936
3502.06;137.706;91.668;87.172;94.960;88.363;89.445;90.087
3504.50;139.068;92.380;88.318;96.006;88.768;90.409;88.254
3506.95;140.406;93.176;88.618;96.646;89.652;91.813;86.066
3509.44;141.086;93.944;88.966;97.620;90.957;92.093;84.254
3511.98;142.192;94.066;89.928;98.470;92.279;94.170;82.842
3514.54;143.234;93.933;88.944;98.338;92.389;96.822;79.793
3517.13;144.368;94.302;91.230;98.406;93.520;98.158;77.275
3519.70;145.644;94.366;91.718;98.159;95.205;98.793;76.909
3522.28;146.472;95.774;92.138;99.222;96.188;100.493;74.378
3524.87;147.196;97.572;94.372;100.365;98.358;101.410;72.554
3527.48;148.823;98.971;95.494;101.322;98.788;101.135;70.754
3530.10;151.301;101.276;95.532;103.029;100.958;103.476;68.178
3532.74;152.048;101.932;97.660;104.575;101.346;107.035;66.257
3535.40;153.412;102.068;98.618;106.605;103.694;108.156;64.551
3538.08;154.741;103.004;99.020;107.353;104.968;109.084;62.657
3540.78;155.567;104.673;100.972;108.381;105.852;111.128;60.757
3543.51;156.404;107.444;102.124;110.446;107.115;111.228;59.245
3546.28;156.952;109.237;102.542;111.964;108.531;111.804;57.648
3549.07;158.108;110.270;103.332;112.271;109.316;113.352;56.727
3551.89;158.826;114.151;105.550;112.417;109.672;114.448;55.439
3554.76;159.782;114.627;107.882;113.329;112.074;115.936;54.333
3557.68;160.552;114.067;107.804;114.734;111.999;117.388;52.942
3560.64;160.952;117.048;111.036;116.276;113.899;119.264;52.512
3563.64;161.793;116.557;111.624;114.867;115.463;120.312;51.918
3566.68;162.641;114.544;112.144;112.565;116.074;121.076;51.027
3569.73;163.908;113.538;114.466;114.979;116.608;122.776;50.612
3572.82;165.004;114.752;115.548;117.436;113.756;124.504;50.115
3575.92;164.040;117.216;116.402;117.505;114.678;124.484;49.518
3579.04;144.308;118.991;118.234;118.723;118.324;121.073;47.609
3582.17;141.892;120.341;121.564;120.798;118.426;125.050;47.503
3585.31;139.308;122.780;116.306;122.788;121.374;133.705;47.403
3588.47;138.364;119.774;116.544;123.470;122.744;129.012;47.449
3591.63;136.352;117.766;118.620;124.752;123.010;132.506;47.499
3594.79;133.728;118.328;115.962;126.211;123.642;131.224;47.597
3597.96;131.236;120.118;118.686;127.511;125.006;133.126;47.891
3601.16;127.612;123.144;121.594;127.213;126.976;135.225;48.482
3604.40;126.484;124.762;121.548;127.463;127.776;134.777;48.985
3607.68;125.140;125.957;122.114;128.859;128.510;137.987;49.582
3611.01;122.285;127.407;119.044;131.661;130.968;136.195;50.279
3614.40;120.290;127.372;116.894;132.838;136.562;136.315;50.882
3617.83;115.315;127.298;121.440;131.575;130.950;139.276;51.579
3621.29;111.665;127.598;120.668;134.686;133.582;138.643;52.570
3624.78;111.065;131.000;123.930;135.713;135.384;140.974;53.473
3628.31;110.125;131.446;133.404;135.446;133.530;144.564;54.082
3631.87;108.040;131.394;127.098;138.186;135.580;142.264;54.779
3635.47;105.380;133.325;126.040;139.119;138.304;143.924;55.673
3639.11;103.035;134.720;134.212;139.968;137.538;145.388;56.573
3642.78;101.000;135.520;129.706;142.018;139.954;141.926;56.988
3646.49;99.195;138.725;129.920;141.324;140.390;135.016;56.321
3650.28;97.040;139.195;131.890;142.292;140.550;135.342;56.348
3654.06;95.290;139.770;133.420;144.328;143.028;131.210;56.399
3657.89;93.630;141.050;135.354;145.044;144.812;125.568;56.303
3661.74;92.935;142.115;136.272;141.600;144.016;122.758;56.106
3665.64;92.380;143.410;137.514;138.132;141.068;121.552;56.003
3669.56;91.645;143.315;138.868;136.392;136.392;121.076;56.097
3673.49;90.608;137.930;132.076;129.200;133.694;118.182;56.003
3677.42;89.606;134.225;131.652;117.088;127.098;112.660;55.903
3681.33;88.640;129.605;130.678;102.016;123.284;103.300;55.803
3685.20;87.706;123.825;127.056;92.648;121.540;92.325;55.994
3688.99;86.740;118.130;124.560;94.232;122.484;86.250;55.806
3692.72;85.608;116.035;120.560;102.052;118.760;95.850;55.703
3696.35;85.464;115.935;115.940;111.136;111.804;101.300;55.603
3699.91;85.864;114.730;114.770;115.832;104.545;100.300;55.697
3703.41;86.330;112.995;113.855;115.916;98.230;100.025;55.894
3706.85;85.840;109.930;107.270;113.436;100.610;96.675;55.512
3710.24;85.236;107.064;106.690;107.120;105.609;93.950;55.549
3713.58;84.836;103.320;106.435;100.828;104.461;91.900;55.599
3716.87;84.964;91.908;105.035;97.696;104.586;91.300;55.503
3720.11;85.034;81.920;101.735;93.428;102.188;92.950;55.403
3723.30;84.436;75.880;98.565;89.620;97.443;92.700;55.103
3726.45;84.767;66.476;97.885;91.356;91.980;93.200;55.197
3729.54;85.001;61.532;97.545;92.504;90.050;92.675;55.297
3732.59;85.301;61.996;96.450;88.412;92.428;91.736;55.057
3735.57;85.869;70.628;95.450;90.108;85.913;90.852;54.807
3738.49;85.899;78.464;94.440;96.636;83.107;90.364;54.994
3741.37;86.470;76.076;93.230;97.004;91.960;89.132;54.806
3744.21;86.599;78.756;91.840;95.792;92.856;90.328;54.509
3747.03;86.835;88.064;90.625;95.808;90.884;95.296;54.112
3749.81;87.469;90.740;89.125;97.856;91.270;93.100;53.955
3752.57;87.834;89.880;87.710;101.500;90.385;91.584;53.805
3755.30;88.637;90.468;87.860;100.784;90.069;93.112;53.412
3758.02;89.748;91.092;87.090;98.744;91.266;94.172;53.255
3760.72;90.508;94.720;86.875;99.812;94.638;94.496;53.105
3763.41;92.332;96.316;86.475;100.224;95.054;95.112;52.712
3766.10;93.508;94.756;87.870;100.512;94.831;96.652;52.312
3768.79;94.856;95.216;87.420;102.220;95.106;98.496;52.106
3771.48;96.284;96.215;89.680;103.144;96.731;99.160;51.712
3774.17;97.108;97.030;89.327;103.972;96.661;100.415;51.021
3776.88;99.068;97.778;89.878;105.036;97.614;101.099;50.709
3779.60;100.444;98.630;90.475;106.072;99.207;102.468;50.215
3782.34;101.040;99.756;91.810;107.088;100.199;103.930;49.327
3785.10;102.696;101.586;90.135;107.640;101.361;105.206;48.912
3787.91;104.012;103.030;90.905;107.410;102.084;107.176;48.415
3790.72;104.980;103.778;92.910;107.782;102.976;108.629;47.624
3793.55;108.088;105.071;93.085;109.386;104.291;110.653;47.406
3796.42;108.992;106.078;92.855;111.472;105.876;111.937;46.818
3799.34;109.344;107.434;93.985;113.292;107.306;113.722;46.218
3802.29;110.484;109.171;95.645;114.582;109.414;114.984;45.715
3805.27;110.016;110.808;96.590;115.451;111.145;115.784;45.215
3808.27;110.428;112.282;98.415;115.841;112.507;116.929;44.521
3811.29;111.421;113.745;100.660;116.594;113.464;118.884;44.403
3814.34;113.425;115.938;101.940;117.292;114.660;119.698;44.012
3817.39;114.890;117.530;104.685;117.994;115.920;120.598;43.903
3820.45;117.063;119.286;106.400;116.389;116.780;121.894;43.706
3823.52;117.762;119.974;108.425;114.498;118.420;123.714;43.506
3826.59;118.666;119.207;110.880;114.698;118.728;123.074;43.403
3829.67;120.549;119.115;112.495;114.898;118.740;124.268;43.303
3832.75;120.372;118.742;114.330;115.784;119.860;124.042;43.203
3835.84;120.897;118.834;114.675;117.090;121.216;124.416;43.006
3838.93;119.782;119.472;110.410;117.992;122.044;123.206;42.903
3842.02;131.380;119.886;110.700;119.037;122.572;124.956;42.597
3845.12;132.220;121.488;112.780;119.455;123.520;125.284;42.406
3848.22;133.520;123.206;116.220;121.601;125.920;127.814;42.497
3851.35;134.420;127.420;116.750;123.904;125.748;130.788;42.403
3854.52;135.300;127.778;119.620;123.896;124.456;130.220;42.303
3857.72;136.930;127.406;120.070;124.982;126.380;128.838;42.397
3860.93;138.620;130.318;121.470;126.194;127.972;134.580;42.303
3864.16;139.870;130.126;122.740;126.010;128.296;132.874;42.251
3867.41;140.830;127.674;121.635;126.725;128.792;132.757;42.201
3870.69;137.110;128.412;122.400;128.122;129.808;134.289;42.103
3874.01;134.350;129.772;124.405;128.372;131.604;134.916;42.197
3877.35;132.850;131.984;126.460;129.382;133.272;134.852;41.909
3880.73;127.990;132.332;127.635;130.594;133.908;136.199;41.803
3884.14;124.420;131.924;128.365;132.076;135.248;137.826;41.509
3887.58;119.500;132.248;129.645;133.790;135.832;138.741;41.403
3891.06;116.965;134.198;130.520;135.525;137.320;141.051;41.109
3894.57;115.905;135.982;130.975;136.261;138.348;143.206;40.809
3898.11;113.115;137.315;132.415;136.582;140.232;142.289;40.897
3901.69;110.964;138.937;132.805;138.872;140.012;143.294;40.706
3905.29;109.648;138.746;134.755;139.222;142.512;144.652;40.555
3908.94;108.164;140.335;133.985;141.040;146.388;145.840;40.405
3912.63;106.706;141.151;135.575;144.541;145.300;147.340;40.885
3916.36;104.880;140.983;135.145;143.726;150.352;149.440;40.609
3920.12;102.525;143.662;136.055;143.968;147.652;149.560;40.552
3923.91;100.238;145.239;137.130;147.609;146.344;151.260;40.501
3927.76;96.050;145.810;137.815;148.550;149.252;152.120;40.306
3931.59;91.334;148.091;140.275;148.250;150.952;152.120;40.251
3935.44;92.343;148.934;145.455;148.750;150.872;154.780;40.201
3939.32;94.152;148.273;144.425;148.300;151.475;154.400;40.152
3943.22;92.370;149.891;141.335;149.050;152.425;156.620;40.102
3947.16;82.199;150.734;145.730;150.750;151.975;157.340;40.052
3951.12;82.944;151.598;144.470;151.850;152.725;157.060;40.001
3955.11;89.912;152.605;145.785;155.300;154.525;158.760;39.806
3959.16;90.509;153.593;145.615;157.800;155.775;160.200;39.897
3963.27;90.332;155.564;147.940;156.600;157.675;162.680;39.706
3967.42;89.780;156.805;150.595;157.000;158.425;165.421;39.652
3971.61;88.924;156.817;150.535;158.000;159.238;162.385;39.602
3975.82;89.564;157.798;151.335;160.150;159.787;164.151;39.503
3980.05;92.420;158.740;153.785;161.850;161.550;166.519;39.403
3984.31;91.816;161.240;151.775;162.075;165.375;166.695;39.497
3988.60;101.968;163.820;155.200;163.225;164.350;167.689;39.306
3992.90;103.303;162.880;157.010;164.350;164.075;169.212;38.697
3997.23;104.476;163.060;155.420;164.600;166.725;165.156;38.506
4001.58;105.968;165.340;157.735;165.700;167.375;;38.597
4005.93;107.495;166.540;158.495;167.850;167.400;;38.406
4010.31;109.068;166.880;160.465;165.950;170.650;;38.351
4012.41;110.303;167.960;163.490;163.406;171.325;;38.301
;111.768;169.380;161.480;;171.133;;38.203
;112.565;169.930;163.100;;;;38.103
;113.576;;165.050;;;;38.197
;115.141;;165.965;;;;38.006
;115.965;;165.505;;;;38.097
;116.465;;169.395;;;;38.003
;116.308;;169.310;;;;37.903
;117.587;;169.352;;;;37.803
;118.319;;;;;;37.703
;118.911;;;;;;37.603
;120.925;;;;;;37.503
;122.038;;;;;;37.451
;122.718;;;;;;37.402
;123.270;;;;;;37.303
;124.880;;;;;;37.203
;126.066;;;;;;37.055
;126.966;;;;;;36.905
;127.940;;;;;;36.997
;128.348;;;;;;36.806
;129.288;;;;;;36.703
;130.488;;;;;;36.409
;131.984;;;;;;36.206
;133.954;;;;;;36.006
;134.204;;;;;;35.709
;135.580;;;;;;35.215
;136.396;;;;;;35.103
;138.276;;;;;;34.615
;140.010;;;;;;34.309
;140.104;;;;;;34.106
;144.292;;;;;;33.712
;142.650;;;;;;33.312
;142.275;;;;;;32.621
;147.000;;;;;;32.115
;146.625;;;;;;31.615
;146.300;;;;;;31.115
;;;;;;;
;;;;;;;
;;;;;;;
;;;;;;;
;;;;;;;
;;;;;;;
;;;;;;;
;;;;;;;
;;;;;;;
;;;;;;;
;;;;;;;
;;;;;;;
;;;;;;;
;;;;;;;
;;;;;;;
;;;;;;;
;;;;;;;
;;;;;;;
;;;;;;;
;;;;;;;
;;;;;;;
;;;;;;;
;;;;;;;
;;;;;;;
;;;;;;;
;;;;;;;
;;;;;;;
;;;;;;;
;;;;;;;
;;;;;;;
;;;;;;;
;;;;;;;
;;;;;;;
;;;;;;;
;;;;;;;
;;;;;;;
;;;;;;;
;;;;;;;
;;;;;;;
;;;;;;;
;;;;;;;
;;;;;;;
;;;;;;;
;;;;;;;
;;;;;;;
;;;;;;;
;;;;;;;
;;;;;;;
;;;;;;;
;;;;;;;
;;;;;;;
;;;;;;;
;;;;;;;
;;;;;;;
;;;;;;;
;;;;;;;
;;;;;;;
;;;;;;;
;;;;;;;
;;;;;;;
;;;;;;;
;;;;;;;
;;;;;;;
;;;;;;;
;;;;;;;
;;;;;;;
;;;;;;;
;;;;;;;
;;;;;;;
;;;;;;;
;;;;;;;
;;;;;;;
;;;;;;;
;;;;;;;
;;;;;;;
;;;;;;;
;;;;;;;
;;;;;;;
;;;;;;;
;;;;;;;
;;;;;;;
;;;;;;;
;;;;;;;
;;;;;;;
;;;;;;;
;;;;;;;
;;;;;;;
;;;;;;;
;;;;;;;
;;;;;;;
;;;;;;;
;;;;;;;
;;;;;;;
;;;;;;;
;;;;;;;
;;;;;;;
;;;;;;;
;;;;;;;
;;;;;;;
;;;;;;;
;;;;;;;
;;;;;;;
;;;;;;;
;;;;;;;
;;;;;;;
;;;;;;;
;;;;;;;
;;;;;;;
;;;;;;;
;;;;;;;
;;;;;;;
;;;;;;;
;;;;;;;
;;;;;;;
;;;;;;;
;;;;;;;
;;;;;;;
;;;;;;;
;;;;;;;
;;;;;;;
;;;;;;;
;;;;;;;
;;;;;;;
;;;;;;;
;;;;;;;
;;;;;;;
;;;;;;;
;;;;;;;
;;;;;;;
;;;;;;;
;;;;;;;
;;;;;;;
;;;;;;;
;;;;;;;
;;;;;;;
;;;;;;;
;;;;;;;
;;;;;;;
;;;;;;;
;;;;;;;
;;;;;;;
;;;;;;;
;;;;;;;
;;;;;;;
;;;;;;;
;;;;;;;
;;;;;;;
;;;;;;;
;;;;;;;
;;;;;;;
;;;;;;;
;;;;;;;
;;;;;;;
;;;;;;;
;;;;;;;
;;;;;;;
;;;;;;;
;;;;;;;
;;;;;;;
;;;;;;;
;;;;;;;
;;;;;;;
;;;;;;;
;;;;;;;
;;;;;;;
;;;;;;;
;;;;;;;
;;;;;;;
;;;;;;;
;;;;;;;
;;;;;;;
;;;;;;;
;;;;;;;
;;;;;;;
;;;;;;;
;;;;;;;
;;;;;;;
;;;;;;;
;;;;;;;
;;;;;;;
;;;;;;;
;;;;;;;
;;;;;;;
;;;;;;;
;;;;;;;
;;;;;;;
;;;;;;;
;;;;;;;
;;;;;;;
;;;;;;;
;;;;;;;
;;;;;;;
;;;;;;;
;;;;;;;
;;;;;;;
;;;;;;;
;;;;;;;
;;;;;;;
;;;;;;;
;;;;;;;
;;;;;;;
;;;;;;;
;;;;;;;
;;;;;;;
;;;;;;;
;;;;;;;
;;;;;;;
;;;;;;;
;;;;;;;
;;;;;;;
;;;;;;;
;;;;;;;
;;;;;;;
;;;;;;;
;;;;;;;
;;;;;;;
;;;;;;;
;;;;;;;
;;;;;;;
;;;;;;;
;;;;;;;
;;;;;;;
;;;;;;;
;;;;;;;
;;;;;;;
;;;;;;;
;;;;;;;
;;;;;;;
;;;;;;;
;;;;;;;
;;;;;;;
;;;;;;;
;;;;;;;
;;;;;;;
;;;;;;;
;;;;;;;
;;;;;;;
;;;;;;;
;;;;;;;
;;;;;;;
;;;;;;;
;;;;;;;
;;;;;;;
;;;;;;;
;;;;;;;
;;;;;;;
;;;;;;;
;;;;;;;
;;;;;;;
;;;;;;;
;;;;;;;
;;;;;;;
;;;;;;;
;;;;;;;
;;;;;;;
;;;;;;;
;;;;;;;
;;;;;;;
;;;;;;;
;;;;;;;
;;;;;;;
;;;;;;;
;;;;;;;
;;;;;;;
;;;;;;;
;;;;;;;
;;;;;;;
;;;;;;;
;;;;;;;
;;;;;;;
;;;;;;;
;;;;;;;
;;;;;;;
;;;;;;;
;;;;;;;
;;;;;;;
;;;;;;;
;;;;;;;
;;;;;;;
;;;;;;;
;;;;;;;
;;;;;;;
;;;;;;;
;;;;;;;
;;;;;;;
;;;;;;;
;;;;;;;
;;;;;;;
;;;;;;;
;;;;;;;
;;;;;;;
;;;;;;;
;;;;;;;
;;;;;;;
;;;;;;;
;;;;;;;
;;;;;;;
;;;;;;;
;;;;;;;
;;;;;;;
;;;;;;;
